topic0,can,cannot,without,mean,believ,may,abl,sure,possibl,set,point,singl,afford,find,unless,longer,limit,everyth,lose,neither
topic1,europ,region,east,secur,countri,cooper,asia,middl,alli,peac,china,africa,relationship,polit,south,korea,allianc,relat,north,republ
topic2,price,product,farm,agricultur,farmer,consum,food,market,record,produc,greater,incom,domest,stabil,reserv,level,export,control,purchas,expand
topic3,last,today,ago,month,end,day,decad,place,next,begin,offic,call,gener,took,half,thousand,centuri,start,across,chang
topic4,trade,intern,world,import,agreement,cooper,open,countri,strengthen,negoti,competit,market,major,expand,export,promot,abroad,global,abil,good
topic5,time,great,come,histori,far,much,yet,cours,moment,done,hope,danger,reach,hand,troubl,better,good,rest,shape,period
topic6,need,improv,public,meet,system,plan,servic,transport,safeti,construct,emerg,provid,facil,necessari,oper,highway,transit,modern,adequ,respond
topic7,energi,oil,use,develop,power,suppli,product,depend,sourc,industri,fuel,atom,import,conserv,produc,coal,ga,effici,solar,renew
topic8,polici,remain,commit,chang,foreign,term,past,import,requir,principl,basic,essenti,major,need,effect,direct,critic,administr,third,object
topic9,america,freedom,valu,hope,stand,centuri,faith,alway,god,caus,dream,democraci,peopl,spirit,democrat,world,liberti,heart,bless,strong
topic10,develop,technolog,research,advanc,human,space,support,scienc,fund,inform,commun,basic,institut,scientif,cultur,innov,lead,enhanc,encourag,earth
topic11,act,reform,pass,bill,congress,ask,last,work,vote,senat,sign,elect,alreadi,bipartisan,democrat,final,deserv,financ,republican,hope
topic12,job,busi,creat,invest,privat,small,worker,industri,help,american,sector,america,compani,enterpris,bring,bank,capit,incent,hire,skill
topic13,resourc,protect,land,use,water,natur,project,environment,area,preserv,environ,control,develop,air,pollut,wast,clean,park,indian,conserv
topic14,let,tonight,ask,know,want,give,day,tell,thank,someth,laughter,done,stop,speak,rememb,stand,happen,issu,love,away
topic15,depart,feder,agenc,establish,execut,regul,effect,manag,reform,administr,order,offic,implement,regulatori,elimin,reorgan,effici,branch,activ,institut
topic16,secur,system,social,benefit,need,veteran,age,person,pay,save,retir,financi,disabl,trust,worker,receiv,protect,employe,depend,greater
topic17,tax,incom,famili,cut,credit,pay,reduct,rate,low,lower,money,rais,propos,save,taxpay,percent,burden,plan,american,reduc
topic18,increas,million,percent,inflat,rate,wage,unemploy,last,past,real,rise,number,nearli,level,higher,doubl,declin,minimum,employ,averag
topic19,program,improv,initi,administr,addit,increas,provid,includ,employ,propos,design,expand,major,minor,train,special,youth,target,substanti,elderli
topic20,must,futur,keep,commit,enough,becom,clear,end,hold,recogn,alon,realiz,promot,path,near,instead,restor,believ,line,hand
topic21,forc,defens,militari,power,maintain,strength,base,arm,capabl,missil,strong,attack,rang,readi,modern,equip,strengthen,strateg,activ,mobil
topic22,peopl,american,know,countri,thing,chang,think,want,tri,fear,talk,race,agre,big,best,time,wrong,side,easi,set
topic23,program,commun,assist,develop,area,provid,fund,aid,citi,rural,help,propos,author,urban,loan,includ,neighborhood,popul,place,exist
topic24,educ,children,school,child,colleg,help,student,parent,learn,young,teacher,give,train,start,standard,commun,sure,teach,skill,behind
topic25,interest,respons,differ,labor,determin,parti,polit,self,fact,matter,issu,requir,reason,collect,relat,understand,clearli,hold,respect,conduct
topic26,soviet,nuclear,weapon,threat,union,secur,arm,danger,control,agreement,treati,iran,seek,limit,world,alli,convent,non,negoti,resolv
topic27,problem,crime,countri,face,seriou,deal,address,concern,question,approach,solv,crisi,organ,direct,answer,major,polic,prevent,disast,street
topic28,work,hous,help,welfar,home,togeth,famili,hard,peopl,build,poverti,white,confer,support,final,enabl,poor,decent,foster,strengthen
topic29,presid,member,american,congress,citizen,mr,honor,tonight,fellow,leader,task,speaker,pledg,word,proud,repres,call,join,great,vice
topic30,recommend,congress,shall,commiss,messag,present,report,special,appropri,submit,week,committe,studi,send,soon,secretari,discuss,later,subject,specif
topic31,world,free,peac,war,communist,freedom,aggress,vietnam,independ,strength,whole,throughout,power,great,order,cold,side,peopl,threaten,seek
topic32,men,fight,women,countri,serv,terrorist,iraq,forc,war,terror,enemi,troop,lead,iraqi,mission,attack,defend,afghanistan,al,friend
topic33,can,challeng,america,togeth,forward,best,meet,futur,look,move,confid,hope,ahead,come,common,face,stronger,sens,turn,greatest
topic34,right,law,equal,human,enforc,opportun,civil,justic,protect,citizen,women,amend,rule,discrimin,immigr,fair,employ,full,border,court
topic35,continu,effort,support,part,drug,help,strengthen,vigor,success,number,group,especi,pursu,ensur,use,seek,full,reduc,abus,press
topic36,congress,legisl,propos,administr,enact,urg,act,prioriti,last,comprehens,action,measur,session,complet,congression,highest,adopt,earli,passag,plan
topic37,state,unit,union,gener,purpos,share,peopl,leadership,among,accept,serv,decis,along,point,deliv,joint,devot,close,chang,oblig
topic38,progress,achiev,goal,toward,build,peac,step,reach,move,full,prosper,histor,begin,foundat,help,bring,accomplish,era,gain,object
topic39,american,peopl,live,better,life,opportun,good,give,promis,societi,citizen,home,chanc,open,bring,given,greater,sacrific,full,enjoy
topic40,action,upon,recent,measur,result,effect,taken,alreadi,step,certain,demand,vital,requir,necessari,possibl,concern,sever,caus,purpos,begun
topic41,health,care,cost,insur,servic,provid,plan,medic,million,prevent,coverag,afford,hospit,qualiti,medicar,diseas,ill,extend,cover,access
topic42,budget,billion,spend,deficit,next,dollar,balanc,reduc,fiscal,cut,total,expenditur,debt,current,increas,money,save,amount,nearli,revenu
topic43,govern,feder,local,respons,state,level,share,decis,partnership,grant,individu,role,washington,offici,flexibl,revenu,aid,privat,control,renew
topic44,econom,economi,growth,grow,strong,continu,prosper,recoveri,recess,strength,sound,inflat,expans,pressur,run,keep,essenti,stimul,healthi,kind
